Hotel;rent
JW Marriott Mussoorie Walnut Grove Resort & Spa;Rs15,500
OYO 5424 Pushpanjali Residency;Rs1,189
WelcomHotel The Savoy - Member ITCHotel Group;
Hotel Viceroy Inn;
OYO 5260 The Forest View;Rs1,189
OYO 9905 Hotel Doon Star;Rs1,173
OYO 6438 Hotel Valley Plaza;Rs1,333
OYO 3760 Hotel Elysee;Rs1,761
OYO 5049 Hotel Doon;Rs1,484
OYO 4828 Osho Resorts Deluxe;Rs1,499
OYO 4464 near Chakrata Road;Rs1,177
OYO 11937 Hotel Meedo;Rs1,429
OYO 13208 Home Serene 2BHK Aradhana Greens;Rs1,937
OYO 12823 Hotel Pearl Avenue;Rs2,809
OYO 11854 Hotel Comfort;Rs1,429
OYO 12062 Paras Guest House;Rs1,173
OYO 5232 Kwality Hotel;Rs1,542
OYO 10457 Hotel Arnavya;Rs3,118
The Solitaire;Rs3,575
OYO 1721 Hotel Crown Royale;Rs1,189
OYO 7512 The Reverend;Rs1,189
OYO 4715 KK Residency;Rs1,640
OYO 14251 Green View Doon;Rs1,764
OYO 3639 Hotel Pioneer;Rs1,735
OYO 16006 Hotel Meedo's Grand;Rs2,391
OYO 12080 Heritage;Rs1,775
OYO 10567 Hotel Gandharv;Rs1,333
Hotel Kamla Palace;
Simran Guest House;
OYO 9963 Hotel Raja Palace;Rs1,989
OYO 13209 Home Peaceful 3BHK Aradhana Greens;Rs2,578
Hotel JSR Continental;
OYO 13752 Vintage Villa Near Shikhar Fall;Rs1,021
Treebo Grand Legacy;Rs2,085
OYO 3695 Hotel Daichi;Rs1,775
Hotel Ashrey;
OYO 9667 Sashtrdhara Road;Rs2,221
Treebo Blessing Bells;Rs1,988
The Solitaire Express;Rs2,925
Hotel Laxmi Palace;Rs1,882
OYO 14054 Home Independent 3BHK Canal Road;Rs2,428
OYO 14766 Pacify Hills;Rs2,249
Hotel Rajpur Heights;Rs3,150
OYO 13722 hotel walnut inn;Rs1,751
OYO 6163 Hotel City Palace;Rs2,161
OYO 10072 Hotel Amrit Regency;Rs2,141
OYO 13172 Home Exotic 1BHK Pacific Golf Estate;Rs1,602
Inderlok Hotel;
Hotel Pathik;
OYO 3911 Hotel Milestone Inn and Spa;Rs2,422
OYO Homes 073 Barlowganj;Rs1,761
OYO Rooms 088 Doon View;Rs1,949
OYO 2667 Hotel Kolam;Rs2,678
Hotel Softel Plaza;
OYO 14216 Benog Wildlife Resort;Rs1,189
OYO 121 Green View;Rs2,261
Hotel Doon Regency;
