Hotel;Rent
Seyfert Sarovar Portico - A Sarovar Hotel;8,328
Hotel The Onix;3,842
Hotel Aketa;6,489
Imperial Clarks Inn;4,366
Shiva Residency;4,711
Hotel Saffron Leaf;13,834
Hotel Rajpur Heights;5,659
Treebo Grand Legacy;2,578
Treebo Blessing Bells;2,530
Hotel Padmini Palace;4,236
The Solitaire;5,840
Hotel Pacific;
Hotel Kamla Palace;
The Pearl Grand;5,581
Treebo Ajanta Continental;3,577
Hotel Doon Castle UNA Smart;3,383
Hotel Sakoon;3,167
The Sal Woods Forest and Spa;6,460
Hotel President;
Hotel Central Palace;4,851
Shubham Hotel;
Hotel Softel Plaza;6,040
Vishranti (A Doon Valley Resort & Spa);14,232
Pyramid Home Divine by 1589 Hotels;4,521
Hotel Siddharth Residency;1,646
Shaheen Bagh - Boutique Resort (Mussoorie Road);
Hotel Classic International;6,106
Hotel Forest Avenue;3,509
Ida;8,149
Lakshmi Guest House;1,530
Hotel Embassy;1,409
Hotel Relax;2,736
Hotel JSR Continental;4,182
The Central Hotel;2,843
Hotel Ashrey;1,679
V One Hotel - The Competent Palace;5,926
Hotel J S R Continental;7,295
Hotel Raj Deluxe;1,492
Hotel Abhinandan Grand;1,903
Hotel Sandstone;3,740
Hotel Deepshikha;
Hotel Mayank;
Hotel Galaxy;2,046
Shiv Shakti Guest House;
Hotel W 567;8,737
The Solitaire Express;5,200
Motel Lalit Palace;4,539
Hotel LP Residency;4,377
Hotel Utsav;
Hotel Atithi;
Hotel Magnet House;
Hotel Mandakini;
North Star Residency;2,208
Mandakini Hotel;
Hotel G.P. Grand;1,895
Hotel Sukhsadan;2,789
Hotel Doon Regency;
Spice Hotel;5,350
Hotel K Blessings;6,161
Home In The Hills;
Hotel Gomati Residency;3,335
Hotel Sunder Palace;
Hotel Sumit Palace;2,010
Hotel Sangam;
Moti Mahal (Hotel & Restaurant);3,433
Hotel Ambassador;
Hotel Bajaj Inn;
Hotel Calista;8,105
Tapasya Home Stay;
Hotel Radiance Paradise;4,851
Hotel JSR Inn;1,266
All Season Guest House;9,186
Hotel Chutney Merry;1,052
Derra Camp & Resorts;
Hotel Kailash Residency;4,829
Rana Guest House and Restaurant;
Hotel Prabhu;
Hotel Uniyal Residency;6,713
Hotel Krishna Palace;6,392
Hotel S J Residency;
Camp Taapu Sera;10,942
Shivam Residency;
Sidra Guest House;4,560
Hotel Janjan Tak;
White House Hotel;5,513
Darsh Residency;2,461
Hotel Regent;8,663
Hotel Guru Kripa;3,076
Nauka Hills Resort;4,089
Hotel Prince;2,856
